<?xml version="1.0" encoding="UTF-8"?>
<biblioteca>
	<libro>
		<titulo anyo="2008">Introduction to Linux</titulo>
		<autor>
		    <nombre>Machtelt</nombre> 
		    <nombre>Garrels</nombre>
		    <nombre>Jeusus</nombre>		 
		</autor>
		<editor>O'Reilly</editor>
		<paginas>256</paginas>
	</libro>
	<libro>
		<titulo anyo="1991">El lenguaje de programación C</titulo>
		<autor>
		    <nombre>Kernighan</nombre> 
		    <nombre>Ritchie</nombre>
		</autor>
		<editor>Prentice Hall</editor>
		<paginas>294</paginas>
	</libro>
</biblioteca>